<configuration>
<!-- Dynamic log path, adjustable per environment -->
<property name="LOG_PATH" value="./logs" />
<property name="LOG_FILE_NAME" value="application" />
<!-- Console Appender for development (optional for production) -->
<appender name="CONSOLE" class="ch.qos.logback.core.ConsoleAppender">
    <encoder>
        <pattern>%d{yyyy-MM-dd HH:mm:ss.SSS} [%thread] %-5level %logger{36} - %msg%n</pattern>
    </encoder>
</appender>
<!-- Rolling File Appender -->
<appender name="FILE" class="ch.qos.logback.core.rolling.RollingFileAppender">
    <!-- Log file location -->
    <file>${LOG_PATH}/application-all.log</file>

    <!-- Rolling Policy for date-based rotation and compression -->
    <rollingPolicy class="ch.qos.logback.core.rolling.TimeBasedRollingPolicy">
        <!-- Daily rotation with compression -->
        <fileNamePattern>${LOG_PATH}/application-all-%d{yyyy-MM-dd}.log.gz</fileNamePattern>
        <!-- Retain logs for the past 30 days -->
        <maxHistory>30</maxHistory>
        <!-- Limit total log size to 2GB -->
        <totalSizeCap>2GB</totalSizeCap>
    </rollingPolicy>
    <encoder>
        <!-- ISO 8601 timestamp and detailed logging format -->
        <pattern>%d{yyyy-MM-dd'T'HH:mm:ss.SSSZ} [%thread] %-5level %logger{36} [%L] - %msg%n</pattern>
    </encoder>
</appender>
<!-- Root Logger -->
<root level="INFO">
    <!-- Log to file -->
    <appender-ref ref="FILE" />
    <!-- Log to console (remove in production if not needed) -->
    <appender-ref ref="CONSOLE" />
</root>
<!-- Custom Logging Levels for Specific Packages -->
<logger name="com.propertymanageruae.api" level="DEBUG" />
<logger name="org.springframework" level="INFO" />
<logger name="org.hibernate" level="WARN" />
<logger name="org.apache" level="ERROR" />
</configuration>